Image Name,Colorfulness Difference,Brightness Difference,Contrast Difference,Weighted Difference
1.jpg,0.17459159308929773,30.72446520587151,25.658800158687082,14.183112137684287
10.jpg,0.06289305585716272,40.747440766068436,29.81361847636095,17.67171133853595
100.jpg,0.019841886748811523,29.508390576199677,18.443939321125747,11.998003417705776
101.jpg,0.024634193962892906,49.1186740272858,10.830222314472234,14.999541182420954
102.jpg,0.10450216405079352,30.53711759784681,19.20621984118963,12.488085441784511
103.jpg,0.043401928904367226,128.8554220040332,10.30276012437923,34.811246496555285
104.jpg,0.04653573322210624,125.46371482810716,17.295769488563618,35.71313894577877
105.jpg,0.05514277278998922,132.9165678373665,9.787323317242143,35.703544175047135
106.jpg,0.04940321195587598,61.811164907471905,20.069735198339874,20.49492663243088
107.jpg,0.17407597041089193,93.04122640218135,10.957697086601664,26.086768857401193
108.jpg,0.030934106229894304,137.9300342725518,10.057446938077856,37.012337355772345
109.jpg,0.02131492722748116,29.17791084586172,19.143167446445954,12.090927036690656
11.jpg,0.03329354104263474,39.662746598106395,27.13629405697835,16.716406934292497
110.jpg,0.020010482868445967,98.22351806884801,11.749448078007129,27.503246778147982
111.jpg,0.018430840946507886,29.663290415240798,18.04898670533699,11.937284700617692
112.jpg,0.11177678720237519,28.42972269606796,13.100827006718742,10.438525819297867
113.jpg,0.013953914965968353,43.252078222624554,25.940794769063686,17.305195205405035
114.jpg,0.021266250041420662,98.3541488558851,11.325422835378514,27.43052604783661
115.jpg,0.06622406168837819,42.985859472624526,12.123678624974355,13.810496555243919
116.jpg,0.07329805356860894,122.078356031811,18.585110711102324,35.20251571251261
117.jpg,0.047469739554672805,125.42856436514428,17.659544580766966,35.79576210625515
118.jpg,0.0719741125010002,34.54063752872863,23.642320870462072,14.581726656048168
119.jpg,0.03389739123562117,56.13168907998317,24.545793249733116,20.18631927804688
12.jpg,0.03792563135350489,74.66446417096434,36.17032438023198,27.727659953475825
120.jpg,0.18339182677308533,31.12209712839474,23.157372544977996,13.66156333172974
121.jpg,0.11979240111911776,37.21615943842631,22.10723937978744,14.890745905113004
122.jpg,0.05292062958888225,41.602077901811285,21.29057022103092,15.749622345504992
123.jpg,0.02906057756399871,40.6029171589667,14.329389543600813,13.74760696442389
124.jpg,0.19196354074329885,36.95953226828738,9.913320117054996,11.814194866707243
125.jpg,0.041078835629260416,60.78816210772481,21.674153941432664,20.636118430104002
126.jpg,0.10481816552051466,34.26879821545702,17.363495037927358,12.960482396106347
127.jpg,0.06428440145969663,57.17138556964263,19.238758541930565,19.134678228623134
128.jpg,0.06550736290006835,62.38966490747193,9.860648367639545,18.095332000227884
129.jpg,0.22752417390381072,37.76980353564851,24.160744962239434,15.596399211423886
13.jpg,0.04190060963116986,46.87799884349376,14.48769572708993,15.362373947461505
130.jpg,0.051933173605576526,39.270647456248945,16.062888075365244,13.859350469706337
131.jpg,0.1029857722777165,33.9514569731731,16.743308922382983,12.725184360027859
132.jpg,0.041081726636011034,37.34606351828738,20.25475583891458,14.420745702618502
133.jpg,0.05778362283810823,59.69555567446865,9.821082491564654,17.408051352927387
134.jpg,0.05124114928035771,39.705645324958226,15.820915474118681,13.907260774409407
135.jpg,0.11465047304787239,41.53841702218168,10.479863989996515,13.06189548956849
136.jpg,0.11347222940363079,37.28201534120406,21.02045655019719,14.632354087552129
137.jpg,0.03343522513262646,30.741455367908525,10.003659556460653,10.202996343658608
138.jpg,0.013351387807526004,33.09790339083642,11.68068396203216,11.201322532120912
139.jpg,0.1774723155587243,36.39346195578738,19.087836277905126,13.959060716202499
14.jpg,0.05684437491291908,29.989408531317263,22.757837126676954,13.215233601955013
140.jpg,0.08294705727267536,38.80984710902674,21.99999959547563,15.243935204761934
141.jpg,0.0699140738062771,66.920098619106,16.774478133593227,20.95860122507795
142.jpg,0.08729038869044828,56.92267988870126,10.062633152972895,16.789973454763746
143.jpg,0.04557067826104894,31.93212099733482,16.659092623867256,12.170588744431054
144.jpg,0.014186948295540316,31.524195679583638,16.58511602483508,12.034421400252457
145.jpg,0.025071104601257953,46.14402271770073,23.115878388074112,17.327510828744337
146.jpg,0.009850047948113868,32.1922766552352,9.786389392354375,10.499591535871447
147.jpg,0.08955971656525152,69.73435972700213,24.00281976786994,23.479074732000644
148.jpg,0.10800243862875707,37.62860952523184,19.804686506871132,14.412325227340123
149.jpg,0.03969122985962785,61.67064407413857,10.664113980151553,18.10353512850235
15.jpg,0.02961977031369378,47.152732347759,19.35609100004266,16.642015722107253
150.jpg,0.025653519469066844,43.44167197262457,23.33891126250861,16.707972568517818
151.jpg,0.08659628941984453,67.97168833425518,24.548665635773606,23.173386637217114
152.jpg,0.11596322925692755,45.32759113735734,19.21996022993819,16.194869456452345
153.jpg,0.02288878461857556,36.174077185684524,17.763400398777016,13.495813788424668
154.jpg,0.07743391994613297,42.306692994282486,14.231847803101171,14.173352159318993
155.jpg,0.020426651259812044,59.99670989900567,15.03775209541377,18.768828824234774
156.jpg,0.11710935194329991,46.42381718143527,24.478726284297487,17.78419054240484
157.jpg,0.14062308420259087,45.25925212416042,12.4862154543956,14.5066784367403
158.jpg,0.10860323853438478,37.585430705787424,19.981680889624286,14.446079518120102
159.jpg,0.03841473889118171,64.36895120103546,28.230900811786835,23.16917037265116
16.jpg,0.206706986081552,30.006092917409596,26.130713310420155,14.137555049998214
160.jpg,0.062147696889583076,31.80745730992055,18.989700876308024,12.730363395001946
161.jpg,0.09862331804478955,29.629608254565245,18.30538555299364,12.033060110912116
162.jpg,0.04607751473282289,40.96376412480046,49.39501725635235,22.612734102654617
163.jpg,0.1203463659263875,60.109365377400735,22.929851987094576,20.819977524087037
164.jpg,0.08784128850862706,29.48214551122069,26.378938174709585,14.009191565736895
165.jpg,0.08837203217724694,29.984646378539495,22.875812088552824,13.259300632861711
166.jpg,0.04790496629266141,128.0937958466258,17.8009701925507,36.49764399294044
167.jpg,0.10368482764847577,73.25285278255761,24.812901272846435,24.568280927675268
168.jpg,0.09344194586403468,61.03505032413861,18.270441496378833,19.873093928061376
169.jpg,0.021699475044402883,99.26237223551468,16.901106075592892,29.051719315299092
17.jpg,0.06519707356745448,42.744390722624544,11.951245642578318,13.706507628084442
170.jpg,0.0570104308393817,136.2966604299591,10.904948385067817,36.82890741917641
171.jpg,0.1195962456555227,45.164426062125834,22.4380598598968,16.96041960333343
172.jpg,0.06446206266410626,31.56200861896976,18.884528589146047,12.64386533336101
173.jpg,0.07069732478352789,28.637870192025396,22.72765387171706,12.876729678327377
174.jpg,0.02709433786462647,102.29352385588497,10.030414874219087,28.09453185145832
175.jpg,0.06501806736373596,31.480334036654522,18.787932776297463,12.599575736919851
176.jpg,0.07731452315649458,64.29596388429161,25.559439270473828,22.50250805026959
177.jpg,0.0792913665368917,62.215206574138556,25.390256186638577,21.94101137346273
178.jpg,0.027238284527093364,100.17344283736652,10.406100261907913,27.658504917082166
179.jpg,0.04592963689326803,48.683209760899906,11.117047913347712,14.973029237008538
18.jpg,0.0834141860476766,34.45933327525641,22.5998791669543,14.306510203576517
180.jpg,0.06104548001907518,33.4093582519475,19.235778760941415,13.191806993231769
181.jpg,0.026101417357624803,102.49788728181099,10.043186501520518,28.148319154511682
182.jpg,0.07916367244013066,114.68647524477393,14.335732073220225,32.295133665718616
183.jpg,0.026968263805642063,98.92633056884803,10.735252215345923,27.428879827951313
184.jpg,0.2466519907609763,32.210656429540755,18.197738557394743,12.725424742114354
185.jpg,0.06369368391098189,84.21677514055376,10.890669189487992,23.808707924465896
186.jpg,0.06155700619041239,93.20831552255159,15.081122665800548,27.103138050183265
187.jpg,0.15740768579890013,50.786035895266245,18.296541857379207,17.349348281060827
188.jpg,0.07310446647780129,79.62634554950425,19.434140692662357,24.80167379378054
189.jpg,0.00966278596543694,28.73745876935954,13.624791594090171,10.59539398384515
19.jpg,0.017970555628273408,46.41965736276241,12.650080856702004,14.776419832680231
190.jpg,0.08163769316020072,53.50268966136607,16.424190379103013,17.522538856697363
191.jpg,0.07189279132901848,79.46705838446313,19.29755377470685,24.727099435456992
192.jpg,0.07173684267192315,32.963047922086396,25.554421542394156,14.665235787456107
193.jpg,0.009669722950046306,28.748620034791646,13.809614216240556,10.644393424233078
194.jpg,0.009657580444239209,28.720202837646575,13.231755678743328,10.492818419319594
195.jpg,0.13264408523153387,97.13608172625543,28.823757389329575,31.556281821511984
196.jpg,0.04214793175542815,34.80349698008538,20.298154878157064,13.79648693043833
197.jpg,0.03819655530428389,64.51571957487805,18.772336006441268,20.841112172981973
198.jpg,0.10064499370832972,66.97067037836526,24.22397585393077,22.848984054928174
199.jpg,0.05932609565550918,39.56226135505082,10.956226096904167,12.659284910816492
2.jpg,0.25894796584561053,36.45324450787074,21.43888845628998,14.602507223962993
20.jpg,0.03735418688837801,77.53553677952473,16.83602634561795,23.611567874729886
200.jpg,0.015282263465234614,56.65423790374757,16.698142785361632,18.3457363040099
201.jpg,0.04856416249991792,37.54816725092629,9.764321134587018,11.852404177628292
202.jpg,0.2718947585114749,30.728130503491375,13.614378922131403,11.221574735661438
203.jpg,0.11127934522704228,42.71543275875188,13.401204396308229,14.084798961378564
204.jpg,0.09304424010538405,28.901230414485564,15.549255404381533,11.159143574769475
205.jpg,0.26782942884557126,30.48907278403933,14.318132893208936,11.33571613373485
206.jpg,0.13642713937331588,92.4746754762554,29.92544570423163,30.6682438648084
207.jpg,0.36287354857191106,38.522758137588504,12.611427064533936,12.964983074816569
208.jpg,0.05262705224130815,62.153826365805216,39.042587802648136,25.32541706823401
209.jpg,0.04082666473730358,76.85882931424699,45.42205374218333,30.590634096476258
21.jpg,0.0696449471735396,65.19803665628238,11.351323076555927,19.17216240679634
210.jpg,0.2032770989132468,40.19625082073749,11.065887710339002,12.917173182225758
211.jpg,0.08645053643527173,52.62088944944263,20.618518577617536,18.35307727498267
212.jpg,0.02775808326319236,55.623722258995514,9.874040189396935,16.3883196537297
213.jpg,0.19650018300013505,53.360510745471025,29.357681302814445,20.77779810357142
214.jpg,0.05187615946981155,123.18013843921837,10.800004362993167,33.5209737802878
215.jpg,0.10785979509827076,112.99930510588507,19.103667169967377,33.079672966512234
216.jpg,0.14672857013915097,31.907727741926486,10.187621596068418,10.597201619568311
217.jpg,0.23680250404882733,29.20014126793931,14.993010072789776,11.166689087206692
218.jpg,0.07608429370317175,28.51115282709968,14.961793171478625,10.906278646496167
219.jpg,0.3362431922177866,29.379025151451902,21.653047855884335,12.92613984794295
22.jpg,0.037288582121866365,77.31533384742605,35.86564435845561,28.313888842531348
220.jpg,0.09261131119565598,28.871579662170763,14.902270051669811,10.98976808405797
221.jpg,0.19503786628938685,52.418477412405586,18.02950311986776,17.70951406621303
222.jpg,0.19258313306334712,29.088123470301483,26.91130140901761,14.09614778636144
223.jpg,0.14095717346342232,28.634199053837268,9.796418382265609,9.678132945757431
224.jpg,0.13237368873416314,42.49564853512458,10.90938679407889,13.417445676667942
225.jpg,0.17192743298251303,50.021364743645925,18.500007651895874,17.21630681537671
226.jpg,0.18686879098500694,28.634826933923534,16.480322135617055,11.372221662877655
227.jpg,0.08709655563575035,28.67728554405091,11.126037405671276,9.994379015248427
228.jpg,0.07372525601148192,78.95772244696313,23.438637375158272,25.635952583536078
229.jpg,0.07936994653152168,56.319989620106625,30.41625364965329,21.723745790705745
23.jpg,0.0540226091116234,58.73069287145301,14.06909822849286,18.226959079542265
230.jpg,0.045925271507485,46.43718002865749,13.313924886528337,14.96073886455021
231.jpg,0.08288396903475545,29.198778131365245,14.348008001902944,10.928138517834425
232.jpg,0.014318645197416142,44.42438763251967,27.657877145421157,18.027725517083905
233.jpg,0.20119333256855115,38.127089125926275,16.722101733355267,13.812894381104659
234.jpg,0.019117481132466092,105.98385950403325,14.197248039156705,30.054835626363698
235.jpg,0.03356177370652077,48.75908447288762,10.387743469896472,14.803487872549276
236.jpg,0.05346043808574881,55.44539471269921,9.887609861293909,16.359981362541166
237.jpg,0.049620539082199516,29.391288268735877,9.764225753797314,9.813688775174395
238.jpg,0.03845428466902898,75.29570332026984,30.833155932814176,26.551441955605515
239.jpg,0.08796243712315323,61.56482636580525,11.071401896361538,18.203038284103272
24.jpg,0.01590523384732124,39.07679039606379,11.867878296190218,12.744119789987161
240.jpg,0.14891250897000066,134.72471019847762,12.139302120730271,36.790459334286965
241.jpg,0.04629550656262568,122.9544845040332,10.19904816344107,33.31153092014989
242.jpg,0.21799068513500125,47.01632783654932,18.66595815324428,16.529566840015896
243.jpg,0.030175967037548667,46.29864935736119,12.012441126545859,14.592860604495543
244.jpg,0.04514965755865081,71.94430734226056,16.47961426437325,22.12855523043776
245.jpg,0.0393209956976017,64.24359804710026,19.22684536193986,20.887271350108826
246.jpg,0.08028779661823755,47.71784037245036,21.15481831248856,17.25830856954385
247.jpg,0.04604875990627323,72.0529739124766,16.485927442089597,22.157749718594683
248.jpg,0.010020498418883254,55.88789085467453,27.926438863613203,20.958592678781365
249.jpg,0.24093907076767856,34.25089563058048,17.514124833047806,13.061724651290906
25.jpg,0.017244027366857935,31.705116260537846,17.046171214704234,12.196443882493945
250.jpg,0.019995159972848908,62.16436282413857,20.095637666617417,20.57499770267543
251.jpg,0.016148494283153764,31.480659605713164,12.523026199844915,11.008995698531097
252.jpg,0.13493616383745302,45.356420467990105,12.673534546067012,14.574956835433008
253.jpg,0.033006601809182315,38.50582995957113,17.76618560196291,14.084507191288099
254.jpg,0.031412111056068295,47.42398080454915,11.505579727947318,14.748096188652157
255.jpg,0.09481981650693135,35.55591678830799,16.338777051956427,13.021083368319568
256.jpg,0.03698201059769448,68.32203410971816,11.552720200400499,19.987179582828524
257.jpg,0.11743285234341025,28.756654660563267,9.892262188923471,9.720945638543384
258.jpg,0.016293745494721908,56.20388236702023,10.46688830102328,16.67583953975823
259.jpg,0.07052413818286558,29.538184863072544,10.596564907534816,10.068949511743272
26.jpg,0.03247315529873483,59.65526555101187,18.202027588815575,19.48055986260624
260.jpg,0.05486617057294517,38.339382962731875,11.739230336741254,12.547086410154742
261.jpg,0.2015939517427345,29.736201859889317,25.91434229323338,14.013433014152035
262.jpg,0.039180738175005135,44.285041993361446,15.511281444668073,14.968671228594877
263.jpg,0.06583779308091045,69.9410904368786,13.68769283996487,20.940114715751324
264.jpg,0.055603286945299965,29.589994780414006,11.479491268438665,10.295173155685811
265.jpg,0.012604189743751243,90.8659428373665,16.712306138752897,26.90086433890173
266.jpg,0.04656890179227708,29.073394725606256,10.774394094398277,9.98523165589728
267.jpg,0.025385868072141476,96.08754005958872,14.095737208101514,27.558512250958632
268.jpg,0.10637179157339799,35.2762226745298,9.977864209649203,11.36670761683146
269.jpg,0.04586759842172503,37.55243895231518,11.01572840110168,12.164975637565076
27.jpg,0.020530946973188993,74.7925514105476,21.649858064048928,24.120867842135723
270.jpg,0.33441013998776753,91.50690927255168,22.932255508340813,28.776996265216994
271.jpg,0.028271531136857462,29.247274591716213,11.788793486913013,10.27315278522575
272.jpg,0.03699091463898556,89.27623797625536,17.464777635773906,26.703749360326807
273.jpg,0.06620275907381151,36.10043357071537,10.97565982299985,11.802124727965719
274.jpg,0.045344854950825006,34.53674232232431,10.343566177731224,11.242749552489293
275.jpg,0.20848085510230405,32.77889594644466,29.131361216418487,15.581804718266948
276.jpg,0.016842076091709787,143.83925880958864,12.072019616325042,38.98624064452431
277.jpg,0.1138948525859773,58.15962574182331,13.207109598986047,17.898631261495325
278.jpg,0.05375251143415191,138.26872061514425,10.630719055463764,37.25173617336908
279.jpg,0.055896400757052336,36.77891768495409,19.329273932599243,14.05499610476686
28.jpg,0.024246745335080356,72.45853525506924,22.51213633033449,23.754791269018465
280.jpg,0.06462247671180324,114.6292183003295,9.835328160786297,31.14844785363484
281.jpg,0.09517409263701336,113.73351228181079,18.112720578363515,33.00914526136213
282.jpg,0.18510364244153985,77.87518512057426,16.749151458480608,23.748635965984484
283.jpg,0.031401078354408786,29.582117733442907,12.12086710099285,10.44144674778615
284.jpg,0.11793452400611196,74.0580055603354,18.298209808513928,23.148021104215392
285.jpg,0.03786391380115625,138.34357015218126,10.010181875607698,37.107369963847844
286.jpg,0.011252682114382,66.70832701416775,17.949069359908933,21.16997543457636
287.jpg,0.1084943552861862,28.486748023858954,25.2893660694472,13.498275700969621
288.jpg,0.10799788987511959,117.71680510588509,11.218491339472406,32.2878230562769
289.jpg,0.09296875947674063,38.200508668066874,9.78580337554668,12.043062390641754
29.jpg,0.19748389878472092,102.67689191144059,28.260991727670604,32.83321285917016
290.jpg,0.20089494653825204,38.91444761056996,10.104451066438576,12.35517214252127
291.jpg,0.10697219946336833,112.141492605885,19.127518957878273,32.870738990672535
292.jpg,0.07072362991994036,43.29636728512453,20.786948824920426,16.05619084247121
293.jpg,0.010742891992306559,29.173660460059263,12.130793996722435,10.331485060191579
294.jpg,0.03037874865479238,29.428807548257726,11.991395714589714,10.370240190039256
295.jpg,0.08376021102181151,77.11018251640745,25.167837322997244,25.611385065362082
296.jpg,0.06508394144523011,47.671349245907145,14.661955726112291,15.615868213727483
297.jpg,0.05070910578453769,36.132342666008576,26.00500684566248,15.559691930810034
298.jpg,0.07488030875504602,62.65621699080525,21.54479871346036,21.087694080443907
299.jpg,0.02557556232370899,61.51320136580526,14.697339435859046,19.065422981577917
3.jpg,0.013416651503930706,46.297542007824184,12.264908528313818,14.64732095978647
30.jpg,0.10491757838150394,36.448568726620735,10.898886103545575,11.88932249673234
300.jpg,0.0655502490805326,46.726613137475205,14.314538634341728,15.293063067494504
301.jpg,0.049712648901716006,47.75854716257383,15.722837507097715,15.895202491868739
302.jpg,0.010238656966829823,29.008139334694885,12.233753450962707,10.315592524897806
303.jpg,0.010231299580253424,29.08702783778132,12.186431033742016,10.323480367670962
304.jpg,0.13007032085930242,127.0201037169961,10.913713724620512,34.548489520833805
305.jpg,0.02300592581230845,28.460572794433922,10.035600403536247,9.635546262398694
306.jpg,0.016333206780910704,51.34771355730334,11.188576273675425,15.642239061135134
307.jpg,0.015621959396664277,135.91391158736658,17.963612999898146,38.47719212651446
308.jpg,0.032312073909305405,41.96603276292242,14.650503882785976,14.17029019838177
309.jpg,0.024062703200552156,72.69747526278529,15.318786932963274,22.016096900537413
31.jpg,0.13042714999928504,88.67006899477387,15.667163788632946,26.149521770851358
310.jpg,0.10612576571693229,61.00079467909828,9.82485372334215,17.75947498346858
311.jpg,0.0730119685277572,50.545987718182964,14.751633168986059,16.360911206056116
312.jpg,0.09265966188300298,44.444281054587506,15.574775603962484,15.05109399557901
313.jpg,0.030991632921484706,44.5584683074962,18.700148854793404,15.830150107033175
314.jpg,0.0704182591917925,53.33207874315615,16.066728116755737,17.38491084457388
315.jpg,0.03201471237838907,70.01993867183232,15.486709325888363,21.39266935561938
316.jpg,0.032517657029909115,69.99372676982611,15.47113072830943,21.38247320304886
317.jpg,0.009778574602651436,39.821606809011726,14.763237694088522,13.651100413076389
318.jpg,0.03638054941160366,57.17401577797591,27.304341075593832,21.137779488098253
319.jpg,0.024682371411684438,37.98557914328736,11.980531043780328,12.50386873247279
32.jpg,0.12727789518481644,65.30695629416385,15.589879266632858,20.287847837791595
320.jpg,0.014906357901553334,75.74317277489516,16.607567667506775,23.09513828955126
321.jpg,0.022178061265892984,54.357590317230276,19.17905215438886,18.39524964853773
322.jpg,0.013523660519861029,66.67453148947638,22.04179849474478,22.185844326315227
323.jpg,0.07445707006767509,63.749218706822475,10.592755426068603,18.622722068256596
324.jpg,0.026276820009876314,68.45459222121505,17.600603649194774,21.526937377607403
325.jpg,0.010476451871783811,40.35558715050054,28.850629549399102,17.306792400910798
326.jpg,0.08862276277039846,77.76768425251863,21.299266234800893,24.811049003215093
327.jpg,0.033457131538799804,37.283364299537396,33.118131119585875,17.617102420550214
328.jpg,0.07915657904066693,69.85357211126136,32.81845260624079,25.707584468895867
329.jpg,0.07265207160309536,92.52410255958873,17.560406217383797,27.557453230044693
33.jpg,0.126404399091155,65.96664028577264,15.395861255615078,20.403827584892504
330.jpg,0.11177874417655721,124.72176459662569,10.019122079711074,33.74111104117248
331.jpg,0.02904415665373044,49.76153054762152,10.166844869145585,14.996615932518637
332.jpg,0.09646220102480897,30.929247938312013,9.794254966010653,10.229106826593073
333.jpg,0.01301802032676546,29.16909395891154,21.05617202097801,12.562825505135757
334.jpg,0.10839567986409375,33.93915992536572,9.815087934216681,10.992759804827646
335.jpg,0.0743306487943451,46.529027829583434,20.871333147699453,16.887255568717894
336.jpg,0.07177035390908394,41.287053596255774,22.626858851356005,16.01436328885749
337.jpg,0.04561724721114419,78.1842863937223,23.142962255983615,25.354620786032037
338.jpg,0.05404290628544207,45.35999492786657,24.4289742823461,17.474263755695898
339.jpg,0.014638329962722473,56.58909582593512,14.899886688708001,17.879564793642142
34.jpg,0.12778106930820804,63.94518846955397,15.999356375119484,20.05002674582248
340.jpg,0.06123140960809843,121.5696928373665,12.10038678020479,33.44813560919686
341.jpg,0.02233103014637382,87.60234908736638,10.207371925740796,24.463595768350014
342.jpg,0.07008850312630767,84.83353671462767,19.941736240030316,26.228862490227677
343.jpg,0.059857222377761275,59.03338997230813,21.366201425198156,20.129826460565457
344.jpg,0.016470320981445966,99.4635238558851,9.77046387090944,27.31673209218934
345.jpg,0.09950069435330809,125.12993010588502,9.763953724322032,33.77322130472843
346.jpg,0.01596181886407362,39.137713621372384,11.874577921985884,12.761053795271604
347.jpg,0.014758359488357178,101.73078658736641,10.208854688746753,27.992289498772493
348.jpg,0.012703875053210948,67.40721693186318,23.003586628720004,22.60905282767241
349.jpg,0.05198052904462035,43.39924619137456,24.828071554147567,17.082819700902835
35.jpg,0.012528418546361636,29.3051054902819,16.399427121309696,11.43239736217108
350.jpg,0.021956950427656476,86.54653758268317,10.353874846027827,24.236081582391602
351.jpg,0.013975551793062582,28.926760754902674,21.4117654627794,12.591619330317048
352.jpg,0.014014245195591555,102.19811297625543,10.523156903142898,28.187324592447357
353.jpg,0.05536348485128272,73.98791663286627,17.06306190579013,22.79042637708974
354.jpg,0.0962092196465807,125.14199607810725,9.848506199535278,33.79573017923392
355.jpg,0.1668605895796886,68.64115448008852,15.221581320710374,21.049114244989557
356.jpg,0.055628190753205735,58.46941393626775,21.16322970383203,19.935975005401556
357.jpg,0.048634161891708015,47.00946383191968,15.764567865644256,15.717825005336843
358.jpg,0.05041883169950397,83.58403097581599,17.908023876273056,25.39822312887204
359.jpg,0.05313476721690666,124.2251673744036,11.330671142344908,33.91552701279557
36.jpg,0.1740031984324245,66.62725988453808,15.277618401597415,20.563221170750108
360.jpg,0.012184548766687557,67.34339830724902,23.204883869875385,22.643162818664436
361.jpg,0.06755866563722139,54.836211711351794,13.658016002541125,17.15733626129183
362.jpg,0.08959991973393786,31.233328754552154,9.767163042506528,10.294922909131634
363.jpg,0.06058082512126959,32.83580103903727,18.212869737782185,12.792458106765492
364.jpg,0.200689444959494,74.28248144768109,26.46788759558677,25.28793698329672
365.jpg,0.0324155082621421,37.85145804953739,19.07768084444872,14.248492477627599
366.jpg,0.034129129991694526,51.64670458203759,38.375875797050824,22.52270965976795
367.jpg,0.18822157224335842,97.68188033736651,27.010502388998166,31.26720646771282
368.jpg,0.09048596911538458,28.413599769756257,9.931624573871927,9.63154907046473
369.jpg,0.06910767973845713,52.9168816158121,12.539010454211967,16.39852685737525
37.jpg,0.010409848360021384,58.432916636885025,17.590597131119765,19.011083366181232
370.jpg,0.10517736384402145,124.94727964292201,9.809013329111743,33.74166192493046
371.jpg,0.17289708209594287,65.8578972302171,16.5099425594435,20.678408488463116
372.jpg,0.0096393250935765,29.34625231162363,11.842836935966846,10.302091974444409
373.jpg,0.02757175255075878,103.41880742069989,14.577845012624582,29.512948984606464
374.jpg,0.014304616510818482,31.50982608081819,17.8196408517964,12.339519041409067
375.jpg,0.03219296065077359,62.22284199080526,17.734415632111276,20.00541088605453
376.jpg,0.18399462569986513,49.93511011401631,29.603005497006084,19.976526215605514
377.jpg,0.059593131524449845,49.64562944030872,31.70459800686017,20.36735342755443
378.jpg,0.04964429521835163,61.14838365747193,22.572213218133445,20.95497136651051
379.jpg,0.03790600328473486,48.95074356818081,10.563767112017631,14.897580671691976
38.jpg,0.05378922275531327,51.94984980555974,19.159418028379125,17.804211569862368
380.jpg,0.0377004603484632,43.24030087887458,24.090802798184573,16.85162614943901
381.jpg,0.1153048426454794,78.87551623554323,19.42974036247003,24.633966570826086
382.jpg,0.014057054685849234,31.386675369801758,18.068319912523172,12.370777347924152
383.jpg,0.03220362658083598,88.66998218921835,26.916852012065558,28.912810363611392
384.jpg,0.17705881228936937,36.11760747117833,18.947525436817347,13.854812633143611
385.jpg,0.08568505666450736,51.11128025290521,24.91253494345688,19.048796327422775
386.jpg,0.09021530292020642,49.49880035080256,19.790510809595972,17.367435441559746
387.jpg,0.027374325920840013,104.99144052255168,19.514548991786327,31.140184541544915
388.jpg,0.11765725646197747,63.27906594913856,19.950080010801127,20.86611511821591
389.jpg,0.05832531300296103,43.892937597624574,17.068448024838467,15.269509062117244
39.jpg,0.4182479543167033,56.14759378677327,33.361625856292584,22.5864288879248
390.jpg,0.07924759670420745,61.86087324080527,14.932053608970238,19.23785551079599
391.jpg,0.009912647412590136,73.71425710354528,17.774752387976722,22.877208696586802
392.jpg,0.0362955731740591,92.08331552255159,11.96058622273559,26.029123222908833
393.jpg,0.06466505926778493,81.66902393492104,34.94992065532531,29.187068677195445
394.jpg,0.03289880391413609,61.34713886580524,17.786706164333832,19.799910659491847
395.jpg,0.18104030246026884,50.00606208160888,30.186845123890166,20.138746952604876
396.jpg,0.0377782636989771,43.60937900387456,24.108139097801015,16.948268657268375
397.jpg,0.020570957784601555,50.17719894503482,20.361597325169818,17.64498454644346
398.jpg,0.11686856281067402,78.68752202258037,19.519489411753458,24.610187139988778
399.jpg,0.033584760292877054,91.73205973551475,26.26923978817327,29.517117261068407
4.jpg,0.10090961290640871,51.713854562747414,23.232803344822397,18.787119283345664
40.jpg,0.4191724166955588,56.4567565954153,33.261128896663806,22.639057581367545
400.jpg,0.011179171400073485,101.81817663366279,21.254926822143823,30.7738654496517
401.jpg,0.06861101580103095,52.683704659437026,19.70726345186228,18.132047535725338
402.jpg,0.015332763346922233,31.653650622409835,17.696621063621375,12.345234303181261
403.jpg,0.014929218243063478,31.599307354662923,17.765227331530774,12.34859828066996
404.jpg,0.09583935927613532,43.89444541012452,14.111696595418765,14.549455181023895
405.jpg,0.020192220365061467,32.174061666809266,16.503750928403914,12.17954925898582
406.jpg,0.1837592749390688,94.41469862440357,20.89709126868629,28.919827110741995
407.jpg,0.039750230768024024,45.20974053936354,45.636553100898574,22.731448525449544
408.jpg,0.12794407406631908,35.45185056804834,12.330671158324893,12.009602468626468
409.jpg,0.05999307659591867,51.02290424017369,24.1379104297388,18.820200205776086
41.jpg,0.016009466709851896,28.48859495672932,18.939924684769167,11.865134643729546
410.jpg,0.036524117217603305,92.49838496699621,11.839821051318035,26.102813563187347
411.jpg,0.09097498044669684,49.97211995197926,42.261205139296855,23.103818763042373
412.jpg,0.3415203847511504,38.17795153912075,14.980905900360522,13.460474552245893
413.jpg,0.039420290512735656,33.894468374439796,11.743234459858979,11.429135853831067
414.jpg,0.0915279031485943,49.027691581298086,41.66334402105973,22.718522852163765
415.jpg,0.013951058597713388,31.339397417877027,17.866097060582057,12.308349148913631
416.jpg,0.15306274954239238,57.300645696957424,11.04015808834191,17.16173232109603
417.jpg,0.06535983342957144,118.53262107810723,10.865590985037496,32.382232932500976
418.jpg,0.09819021419099161,50.602009274895934,11.906552886001675,15.676235647319901
419.jpg,0.14322698598563166,58.78328970787272,20.720670978578923,19.947603664605698
42.jpg,0.12948260451278337,88.89976806884783,15.246356601235082,26.10127246977716
420.jpg,0.1375769915002996,70.17652462138864,13.446706115945329,20.97459618008365
421.jpg,0.043326832400584665,42.93892978512452,15.598188298224319,14.655942937037501
422.jpg,0.25473575439555607,40.27503492918918,19.602844800673598,15.096837809663466
423.jpg,0.12772785186957042,55.76313879468514,10.208362923670641,16.55673935552373
424.jpg,0.07750245999872685,41.46261754301505,16.75736171742079,14.593746045108311
425.jpg,0.14988138265703935,58.53084294861345,9.943059759264223,17.19341636829794
426.jpg,0.18494208922802896,50.9641064971181,27.087938072836824,19.605482187102755
427.jpg,0.09408220376553435,77.23614364680869,20.519614063176093,24.48598052937896
428.jpg,0.1525502182533995,56.69233208777531,11.009349440604488,17.001695491221643
429.jpg,0.14861269582471842,101.8789520966258,10.077855985618992,28.063508368473546
43.jpg,0.09432869551183898,90.9123722355146,17.05100581635005,27.03800886072209
430.jpg,0.10083541650616122,97.24281205032952,10.922970035303589,27.091863229661328
431.jpg,0.13174410396667738,90.81405626329241,13.110728167917744,26.047068159785876
432.jpg,0.12098112547741562,39.3734264302823,20.251822281317235,14.96680274063859
433.jpg,0.25840496551697567,43.44208212887457,13.845171106994723,14.451015791725801
434.jpg,0.20926151620850394,79.35361085359881,22.13977961705296,25.47797837576722
435.jpg,0.0633415481263157,80.95676853368636,27.93529900621769,27.254687659039178
436.jpg,0.3660880841877087,43.81033994137457,22.367115608731524,16.727407929620366
437.jpg,0.018535123064130854,52.91025317409756,12.290755512986898,16.309519733303187
438.jpg,0.11606400722329077,93.42524260588497,11.39985424166164,26.264306215498312
439.jpg,0.09951113866258306,38.22734650439849,10.134199751947413,12.14014213341776
44.jpg,0.09666272770254729,90.43854700403327,17.86928115095935,27.12528840259938
440.jpg,0.009658178465639768,50.788870386007005,10.190491071947308,15.2496694537214
441.jpg,0.11012647387192476,78.41876131656186,10.57712374776244,22.304034503017014
442.jpg,0.09875035088973852,99.86346019847747,32.18434720046775,33.06132702518123
443.jpg,0.09855632854422644,83.62084545305353,26.648514881583925,27.61661824793149
444.jpg,0.20247986617803812,39.66737521500456,10.13510384856655,12.551859698981792
445.jpg,0.014146804740927128,30.02769672576169,15.994942042918591,11.512733094540545
446.jpg,0.11230767338995008,39.318984445328624,11.965531209274301,12.877282750345707
447.jpg,0.10308734657300687,109.67934561514433,13.170671073319001,30.764047845402327
448.jpg,0.09803659005801979,103.3289347355147,11.741478234038908,28.816621537417415
449.jpg,0.1355332070103695,54.61340680117658,12.423270424405215,16.82693590990063
45.jpg,0.4186821705625514,56.513074110847406,33.34881043387,22.674812221460634
450.jpg,0.052095479706832704,47.46648273356147,22.69203059509888,17.565676072018505
451.jpg,0.39144309791589144,32.16520504065185,24.53245694577362,14.370137045564318
452.jpg,0.14895257068116205,29.993634225761703,16.252032180845116,11.635892886992282
453.jpg,0.35663404417535244,31.258145934109148,26.099058897127772,14.517618229896902
454.jpg,0.11553981924468999,56.39251083924241,19.152679355502634,18.944067458308613
455.jpg,0.2059878165059206,28.896080502991655,19.151953611686654,12.115002436922543
456.jpg,0.1395280924688086,38.90765285748354,22.063281368934838,15.312497602838992
457.jpg,0.07881055174347007,38.82858134092783,12.898197698891424,12.971100035826547
458.jpg,0.18713612824494863,71.25346990977597,24.35181371244387,23.994888969677454
459.jpg,0.3615483219963583,46.155595856745755,10.368193838173058,14.311721584727874
46.jpg,0.08511944269236645,64.05886155018668,18.108718966962705,20.584454850633538
460.jpg,0.13473121723371684,44.50715138952822,9.772997664875248,13.637402872217729
461.jpg,0.12752355959363057,50.98339076656441,10.575853487695001,15.45357284336166
462.jpg,0.1406464718294706,40.07567607150909,13.745402940214523,13.525592988845629
463.jpg,0.28976844537234564,28.67711048618057,20.011056840599657,12.31692605438123
464.jpg,0.14752092649380272,51.54375614293613,9.794082865793929,15.408220215429415
465.jpg,0.12340418343085609,57.778584541212936,11.695489552934122,17.43022061525218
466.jpg,0.14232915558983147,29.091750156454147,10.542350434839376,9.97968972561829
467.jpg,0.15765645960753108,32.98234367709944,9.76431797268614,10.765493642250155
468.jpg,0.06292132513690664,37.29040942525828,20.306152946689235,14.430601255555352
469.jpg,0.07288327366179409,60.13276496816761,10.24775307342244,17.63157114722842
47.jpg,0.12593691355381914,46.96774276710486,23.015029910680163,17.558661626223156
470.jpg,0.12713110675867698,90.56740117069981,30.750831686380973,30.39312376764953
471.jpg,0.03867801699503543,30.421468478055104,9.971524785377266,10.117587324355613
472.jpg,0.2686274319123489,30.431380811581356,17.719111268626044,12.171936736008039
473.jpg,0.09594319597188106,81.00431458885615,26.66649558033184,26.965674140282932
474.jpg,0.252678384527852,31.324245025901742,20.703031842544142,13.133158409375389
475.jpg,0.1749310018887457,36.10719958151786,17.51681881472206,13.49347010000434
476.jpg,0.19218735929865424,28.678834540964512,14.148758138070066,10.802991849407968
477.jpg,0.3634868157362092,29.681790449781293,31.85802963939762,15.56669843016283
478.jpg,0.03635779644972234,124.74795093921843,10.528329248582974,33.837248945175176
479.jpg,0.03982250565641476,29.842233253225636,13.315051383584022,10.809232412030633
48.jpg,0.027321168594981612,102.46453080032953,13.24747991672051,28.941663263559974
480.jpg,0.05919407992590249,61.09695136580526,16.373201864666882,19.39713534758097
481.jpg,0.03861234664908848,29.820868623006596,12.937972025879692,10.709016335546105
482.jpg,0.04716470197583414,106.45249376329237,19.138708804810506,31.421382993013648
483.jpg,0.07934684232790537,61.53177949080523,16.884298372257938,19.64369288692975
484.jpg,0.09490693736313262,30.489762563124597,10.31232818738402,10.247976156308718
485.jpg,0.03253262774692321,43.96618759762456,10.017961212903696,13.51230351650552
486.jpg,0.11371821779959347,30.28508205832546,12.215392680874631,10.681977793699813
487.jpg,0.1412651502389425,28.848147994753916,16.40183692747058,11.383128805675605
488.jpg,0.05603075329917617,36.922599199885376,9.864144180709058,11.724701221798188
489.jpg,0.12472974456701078,64.69424281947678,13.982836691598278,19.73163475005227
49.jpg,0.013903818770201422,29.29017119665452,11.020481296299522,10.084615032623619
490.jpg,0.09889554807511186,40.69693440032772,17.700003625783108,14.648682280565273
491.jpg,0.09665508267893325,41.30165602681132,21.31771105033632,15.70316931062638
492.jpg,0.10127979682027453,31.45494587114526,10.770688682665599,10.607048536862855
493.jpg,0.0899768058342593,28.925987462078595,13.058670220265695,10.541152823503207
494.jpg,0.024270532992282347,140.89593705032945,10.80933880135447,37.938454229417104
495.jpg,0.1509876869567351,28.403833487257906,21.421733185711265,12.531885511720661
496.jpg,0.10176112470762654,28.629694279531716,24.06193943042434,13.223788989842818
497.jpg,0.07280516568714537,33.77640156622407,18.97500541511527,13.224254328178425
498.jpg,0.12233516735182294,37.8249680321763,14.15877912975889,13.057104374159715
499.jpg,0.10866743823707549,41.888930196112604,11.89838648428972,13.501162889219115
5.jpg,0.05144440911139668,32.6786497159605,27.951674958365786,15.183303373137282
50.jpg,0.13789362107016936,63.52829511580526,27.44199293838258,22.811518824082047
500.jpg,0.07864510007763009,61.628623240805254,15.050009409283758,19.20898071256107
501.jpg,0.033102170348772254,49.48067631530873,13.088608773216295,15.658872357305638
502.jpg,0.0479822606063667,28.612786939306172,14.350296334534352,10.764761948763315
503.jpg,0.03771122822581327,78.48382179109893,30.16546160127867,27.181176462207294
504.jpg,0.1491436063815112,34.21265204454654,10.945256229456566,11.364048871691532
505.jpg,0.052130516497241854,70.37445228342568,15.459599135346272,21.484578112941602
506.jpg,0.06627033440297728,41.78699312171873,11.703822784587391,13.405839143778023
507.jpg,0.023274874966302702,75.03251538624207,26.102145575585027,25.295302677939905
508.jpg,0.06080884792443241,56.510031093872065,26.480144161579208,20.77794823782505
509.jpg,0.08867768441906519,67.35421548510395,23.977241657490943,22.87720312785823
51.jpg,0.14562296091546376,30.624598404173966,17.89258232766525,12.202106663417526
510.jpg,0.049378701728139046,94.62716968921828,18.566577754181733,28.323126211714087
511.jpg,0.16074254341992505,33.67253177455741,9.84430472869959,10.959580397524222
512.jpg,0.10643014753375475,82.76509106455056,21.94775262807038,26.231425996922116
513.jpg,0.01873410831309272,106.76707709662585,12.22625158726487,29.757699225129205
514.jpg,0.024713953599755662,57.77540941749339,11.241900636943331,17.266684490409077
515.jpg,0.08658927295675183,30.01558561465059,9.815072991998198,10.00095928814058
516.jpg,0.01850300720297937,29.429302918628103,19.5571101695196,12.255854775638415
517.jpg,0.015707098718219344,28.761767411334855,9.866562721126149,9.66493608247436
518.jpg,0.09692584951089216,51.204854326979245,9.838376709948225,15.30927068398731
519.jpg,0.040720011678589046,83.67782037589323,12.0432674120101,23.950631952815097
52.jpg,0.14239935715660085,34.300930111676166,16.064820484920947,12.662637327727577
520.jpg,0.10762912587250967,82.01969402558461,22.09969463835114,26.083661728920188
521.jpg,0.015004290423513913,46.41541874393526,22.50649058235219,17.237979476783625
522.jpg,0.03936493017163099,38.96784807353291,18.847947773947695,14.473631426955961
523.jpg,0.014507037853711241,46.406692663688354,22.42618158716358,17.215472081639852
524.jpg,0.03917318954543146,67.31254346542798,15.469897554829618,20.715196849837117
525.jpg,0.015476940487589757,28.796848478078708,9.877193894510633,9.676249063391124
526.jpg,0.039293345318184195,76.81185352335201,31.882059857984896,27.193125017993303
527.jpg,0.015394378785000355,28.99284440231741,9.96251441672539,9.746536894153198
528.jpg,0.10980701172927734,79.19158278646928,22.919053267224367,25.58256251928805
529.jpg,0.014743359133173952,28.8851779453498,9.911309537728268,9.706493550336099
53.jpg,0.23753841256090386,35.387440845826134,16.86954568236643,13.183015838328577
530.jpg,0.05454098603929219,95.07807246699608,16.396302836761134,27.89586431895896
531.jpg,0.03409042650058511,28.41199114248981,12.028868759179902,10.12726018866772
532.jpg,0.05978929333360344,74.6130836853354,14.662945420567455,22.34890192314253
533.jpg,0.23058208846481573,44.82427386305179,13.168510284105304,14.613487081021683
534.jpg,0.15614760344128267,60.745121646690876,14.234850417426713,18.823066817750043
535.jpg,0.11320140367825947,33.329990919771575,10.656676769826412,11.053267624238623
536.jpg,0.2543110934202866,54.240208662137626,25.849578729511634,20.14960239462247
537.jpg,0.2515799456346129,52.407222782775946,23.359913955370885,19.067574157354027
538.jpg,0.053582930593123274,34.2798806325095,9.765797184202599,11.03821091947458
539.jpg,0.05207440563517129,47.445743150228154,10.485340613692424,14.508808143797728
54.jpg,0.07575393702391661,42.11507433218298,10.189868427645475,13.114112658469073
540.jpg,0.09731966531701573,47.29221845887013,10.188057527153706,14.418728829164456
541.jpg,0.13646206718275242,47.264646313808406,19.461132689816054,16.74967578449749
542.jpg,0.07642104316979444,30.70687492809372,14.703034218466293,11.390687808224905
543.jpg,0.037960266978913366,111.19876112440346,15.328604711089918,31.650821592362817
544.jpg,0.14810642464544704,50.14753994619222,21.73778176622712,18.045383640427556
545.jpg,0.09059822580433703,39.83303042012281,11.390610192327891,12.851209266014859
546.jpg,0.12890958297457336,90.8130203836627,12.300654885140744,25.842873608688173
547.jpg,0.09610917488615302,47.46959770269728,10.286333763661954,14.48703745403288
548.jpg,0.021038923665193828,40.97264105381282,13.81723490374454,13.707988451221944
549.jpg,0.04786285168693263,30.331216741943994,10.887466153044276,10.328602149590521
55.jpg,0.193230809989855,36.12092874593403,9.930495729466703,11.609471523845112
550.jpg,0.1523467350604384,33.112700410512325,15.25822679617972,12.168905169203233
551.jpg,0.07693505891854865,30.83704235382128,14.869406088474182,11.465079640033135
552.jpg,0.09318356316194089,39.73407642706729,11.473248142525069,12.848422923979054
553.jpg,0.12956804055791726,89.80993589292217,12.453237129701106,25.63057727593475
554.jpg,0.01006462064443625,30.191036196056924,13.558646673961341,10.942453027826785
555.jpg,0.08798323969297607,28.64931710885504,12.625802466197548,10.362771513609628
556.jpg,0.32959936365880027,29.91036820266366,19.683592578147774,12.563289877032265
557.jpg,0.043175839602928895,78.61856918693228,46.972323382115434,31.419311062063375
558.jpg,0.05165502796469058,28.69689073600688,12.219749842074412,10.254987658502673
559.jpg,0.16429958404696288,52.81415132224567,33.58499474037722,21.68193630767919
56.jpg,0.03663883357417711,33.3369796912241,12.936137468641622,11.586598706753508
560.jpg,0.14970688548932898,28.42709994425402,30.288768888023526,14.753820650814045
561.jpg,0.009710045129568223,47.631751958051034,18.13818803744181,16.447340021437995
562.jpg,0.08432882042649882,54.743840828954376,26.617956591758013,20.382613765391337
563.jpg,0.16657144888361555,37.49921932827136,14.497499431456793,13.082465414373846
564.jpg,0.15842208743675004,30.78853917094243,33.04761600335924,16.038249837293783
565.jpg,0.4062398663732883,71.09388078940566,27.08995546808117,24.74907899755836
566.jpg,0.10248085285538151,33.70540417039077,31.194857467615158,16.276305835929165
567.jpg,0.04480186890827993,87.67773103181098,20.443847466084435,27.052795558927986
568.jpg,0.14010610356542783,28.46850699376635,24.661420667347087,13.352534967061073
569.jpg,0.11132358106262037,39.53634309694898,12.367288405754477,13.031569666207185
57.jpg,0.011305499828963499,38.96380795007613,11.271321755364132,12.564435176274541
570.jpg,0.16941629932822036,28.449091263698485,29.82950864551945,14.654358126968594
571.jpg,0.20320282194349515,28.436961797148193,11.931131037781137,10.193624619704085
572.jpg,0.08515233873804479,35.77405220272417,12.084549287917639,12.007226542029475
573.jpg,0.09821629790181503,30.450130273965577,14.532263768248638,11.294706659504458
574.jpg,0.24492695087636157,28.49011649746727,27.84711942031349,14.206772454883382
575.jpg,0.021387226053806375,28.462628177493038,10.434378301988511,9.7349452328973
576.jpg,0.18851033466766504,29.408061219448584,30.233378469027386,15.00461508945283
577.jpg,0.04757876898362637,36.30274754606519,23.38766110052474,14.94639154613929
578.jpg,0.016788694317420562,31.28588262392397,14.599958395045517,11.47985460190108
579.jpg,0.10012731535239737,52.03452790162454,15.58534735137442,16.95503247092594
58.jpg,0.07586274460553571,41.67974038129777,10.085515464823045,12.979245333832957
580.jpg,0.10115020522467244,51.56222425796347,15.670421579216082,16.85873656190722
581.jpg,0.01894992059845684,90.56052617069992,20.478643433283377,27.769267361295014
582.jpg,0.04456625138167494,77.43697582273465,33.268807094579415,27.69872885501934
583.jpg,0.04734327165599831,77.63673816841363,33.32074380381145,27.763042128884287
584.jpg,0.11367363632524995,71.97278004673589,17.6497639716602,22.462472822761633
585.jpg,0.039155546989258695,107.06326922625529,9.870660534070696,29.25306021357615
586.jpg,0.05825538306708531,50.643369101344504,12.194120310772961,15.738500044562906
587.jpg,0.032315720672403105,57.47152564048722,11.291367443235101,17.206881131266766
588.jpg,0.04697071668483394,130.21118010588492,10.273873099279513,35.14474865963353
589.jpg,0.08665834874889676,50.24576940221073,12.695842369907485,15.778732117404006
59.jpg,0.07111540323361215,84.96372165868632,19.87779834970776,26.245937703715338
590.jpg,0.028792317926541765,123.59363380958862,12.31627461486317,33.991873265076244
591.jpg,0.03550763147943652,101.80572292995902,15.280774194702703,29.289378096905182
592.jpg,0.038944826433707606,136.57066505958866,10.059045334696577,36.67690001178817
593.jpg,0.10963171749735431,39.830083371511755,13.455547142052982,13.376223487139857
594.jpg,0.05973423840135517,76.07489412906176,30.403938656966876,26.64957531570783
595.jpg,0.05819472860799786,40.20959207617994,11.720444607436699,13.01160653520816
596.jpg,0.09260093633436675,93.00331552255172,9.808855574005024,25.74934324230634
597.jpg,0.08494561523235993,130.84427617069983,10.43758849596437,35.36293897428221
598.jpg,0.04798079859390962,112.10927617069979,12.148971141912662,31.088552227450066
599.jpg,0.026203961892449997,74.15153951095273,12.22431147203711,21.607064726693682
6.jpg,0.016842076091709787,44.34660315142399,25.718442317220422,17.52468240520695
60.jpg,0.03668613594296624,31.749466876785394,13.77821203536248,11.400262796008443
600.jpg,0.04627918665436973,107.40989538366284,21.13353955268572,32.15899832741431
601.jpg,0.03884902189535702,39.79256504589445,30.002722911268393,17.468246500238383
602.jpg,0.061454052234046826,107.97418936514417,15.119020654819588,30.804029531107993
603.jpg,0.11419485118589774,48.857781907301174,17.127810384936105,16.553495498652268
604.jpg,0.10893859485473549,91.98004005958863,29.535271662365908,30.43329722791602
605.jpg,0.12990084177042552,87.003886444566,32.90959109037304,30.04331980461999
606.jpg,0.13291289100793346,104.82433982810728,11.492484185838643,29.145662448990457
607.jpg,0.02834493736117026,76.9422646923334,11.674534984033185,22.168372387772248
608.jpg,0.021425652613404237,56.71979341107778,12.514046511564555,17.319172806967284
609.jpg,0.03946350543131264,41.07881487523987,29.868501033755884,17.75656072996459
61.jpg,0.06560323015621915,42.11764073843299,9.817740142991886,13.016646835434322
610.jpg,0.03712627291142902,36.83287905648187,30.292807567802964,16.79998479252692
611.jpg,0.09123204894285371,36.626236261342974,22.364546587817586,14.793311736761575
612.jpg,0.02227788017056324,56.94567959934939,12.316293818309713,17.32663229450005
613.jpg,0.03752294500917745,36.93209737245409,30.38888490249462,16.84900704124176
614.jpg,0.06757377376668688,80.13577412782222,10.573532722797516,22.71111359953828
615.jpg,0.1107158981070592,90.63060718921841,17.50756980750739,27.08990219823497
616.jpg,0.04832496885374578,83.51130875359381,24.2849483246051,26.973226753976597
617.jpg,0.06269807976552953,114.56996482810717,16.692419707614608,32.846945173813225
618.jpg,0.03969625979852615,82.4750515197974,32.47053410545922,28.756244536213448
619.jpg,0.010459043575066211,64.67598153475461,33.300347285537164,24.499311726860476
62.jpg,0.0342179400228499,35.14876514620308,10.478687420246946,11.423972111623927
620.jpg,0.019512238903172188,45.15832131675549,19.112650404325827,16.07749904972192
621.jpg,0.09136637645118323,54.16940252787841,18.234510128789378,18.14666135239255
622.jpg,0.01730019196554055,37.24604311898185,26.159185353783247,15.859957214174063
623.jpg,0.016321865695162373,60.22458026937606,33.6989164712683,23.48903511800868
624.jpg,0.07549874542533161,31.947942756594085,20.908682019768246,13.251905566803236
625.jpg,0.035201235211890315,118.33518473551459,13.34374328884908,32.93733262369687
626.jpg,0.08991355885105105,48.57272799006655,40.58443325865277,22.33424709160533
627.jpg,0.01766639266967906,40.80444308088334,26.93116361333923,16.94273486989047
628.jpg,0.019409867906753295,39.00903962445885,25.653711347431006,16.17539267692583
629.jpg,0.056749501817766584,40.33701770605603,12.049745385318044,13.125065523752404
63.jpg,0.08800205312460425,37.296765775231805,20.469002332697244,14.485443053544572
630.jpg,0.11121858487563845,39.47811436431007,11.560953736366043,12.815376317606857
631.jpg,0.017745755439765882,40.683084411470574,26.8047741867047,16.880837527263704
632.jpg,0.048530426599582586,85.77662434001361,23.3279409551342,27.300406537086733
633.jpg,0.021224854905402643,30.22721312504582,12.9519321591497,10.805398748501581
634.jpg,0.0788862698777636,73.11649572237248,9.995389755704386,20.817414504458092
635.jpg,0.18547900880304583,28.43275968487969,10.305619693444815,9.777334348982654
636.jpg,0.021764532270840953,46.124239731589576,19.58972260611551,16.439372850561696
637.jpg,0.023514974670689595,46.52077869763896,19.855989700770287,16.605949586937662
638.jpg,0.017163942606773158,41.04464463990035,27.15028506865026,17.057314398441036
639.jpg,0.18371818916958074,28.440953647071037,10.397679800127822,9.801517456384508
64.jpg,0.07353214938458216,83.49847677056898,20.410709664237192,26.014062683393846
640.jpg,0.017027735330719437,41.33180880458906,27.387960300166295,17.188456143854207
641.jpg,0.042104054907422084,82.61170410467412,33.11321443397714,28.9522816621165
642.jpg,0.06809182607120211,92.3552773281072,33.24705345255303,31.43462860820069
643.jpg,0.013513619035497344,69.28129708232616,13.287777504608005,20.649025456251273
644.jpg,0.09940005500317058,51.47533228265486,13.009134867959556,16.17081681515519
645.jpg,0.18196579833414936,70.20741611444424,37.859127088941754,27.10761870001359
646.jpg,0.04014190065418884,87.2816219769734,19.04123272926648,26.60078462688708
647.jpg,0.17300764368883256,40.042324883857404,19.11025368457939,14.874648463953616
648.jpg,0.1892819343835607,28.40894940324389,10.139914071986569,9.731856835999396
649.jpg,0.13218498109881044,31.191620421218822,9.899987585418982,10.338994492208856
65.jpg,0.10175834133515503,49.89289772975701,13.88783742673206,15.99606295978985
650.jpg,0.03897177206272698,65.73663411293316,11.555038199104747,19.34240396404083
651.jpg,0.23465502593261242,50.89463456424775,19.217408257878436,17.64533821849786
652.jpg,0.16036051752990485,46.642239584234474,11.871835813043516,14.708699108084444
653.jpg,0.2431122172907177,37.19873539328743,18.167440498252233,13.96310008153026
654.jpg,0.12563967835338227,28.79665085496183,11.107278114197976,10.038802081466637
655.jpg,0.039872995518507474,68.21394952252676,14.136371511548619,20.607516756278105
656.jpg,0.08377698116696738,28.63746292929392,24.98890723274263,13.44848103109262
657.jpg,0.13854813484813905,54.44140735040924,14.402134601006429,17.280159555277994
658.jpg,0.05828672740982901,68.59931897661626,11.577198099686191,20.073272632780515
659.jpg,0.15091260022082983,52.01354965123877,10.480182979504814,15.698889457796287
66.jpg,0.07507301645758643,42.28075401968299,10.299242559251315,13.182535652962354
660.jpg,0.1014976827955688,97.03373218921823,16.464294578176915,28.425255533246606
661.jpg,0.09101576541963692,100.24879005958877,18.61213556693775,29.760739289341434
662.jpg,0.09350603043078021,99.8525284855147,18.962846264033832,29.750596702602504
663.jpg,0.13359630955530735,31.7409419742724,10.070454193950914,10.519647196833487
664.jpg,0.056020974741456425,36.17260337202712,32.620185483897025,17.226207701351758
665.jpg,0.12944825422150305,61.81845136580524,12.627483995450282,18.67620796742464
666.jpg,0.0201892067055948,146.20601228181093,9.811991734373787,39.014595607398974
667.jpg,0.05937604210347464,37.31959780648183,21.9726876453017,14.852759383997617
668.jpg,0.06018903157710246,94.39241274477394,17.482529248072137,27.998830014000056
669.jpg,0.05579337000254274,35.72214296500552,32.26565222189661,17.02484548172679
67.jpg,0.028469557955417904,46.40355308491573,9.849391309915635,14.077470877685556
670.jpg,0.0475036244719462,136.51208867069982,13.963976547401067,37.6427681167612
671.jpg,0.08255893329317346,45.0998097426814,15.437942534220177,15.175717535871986
672.jpg,0.07180803022207992,54.65950749562106,19.0554030022781,18.464631639585825
673.jpg,0.08308601289657144,45.43994887269686,15.59683455829806,15.300738864197013
674.jpg,0.0704598669242506,54.59234417525498,19.50180272147558,18.558766657644764
675.jpg,0.011868070457756565,30.280052679443997,11.806971260535898,10.527690020223847
676.jpg,0.011566965192448653,30.10992869217545,11.772099833042999,10.476290613900833
677.jpg,0.07324949493237369,76.2249605835372,10.995392989490117,21.84171314072302
678.jpg,0.032901091418641705,80.82382322118634,21.784333559061913,25.66848974077141
679.jpg,0.062387871871502264,46.871134838864116,28.562371462551713,18.889570511289723
68.jpg,0.23451508393924686,36.62678617453738,19.723191106121906,14.204751862134453
680.jpg,0.12066280322147711,73.23606478101443,25.451713993529633,24.732276095246775
681.jpg,0.07334312420332365,75.8981900395557,11.095079534501968,21.78498895561607
682.jpg,0.042708614596368134,52.11414812731898,16.78885901101405,17.247106091881452
683.jpg,0.05611996009391991,73.87891489675513,21.944111816904787,23.983816658461958
684.jpg,0.046576901268371704,52.561213523516706,16.76503290033759,17.354850056597748
685.jpg,0.10420714318505112,101.18959445773675,24.90169484412798,31.574925897058733
686.jpg,0.04502669226447203,39.5546446015786,17.177251237368225,14.205487305868946
687.jpg,0.05635171313366931,122.17771367069983,10.065973099350598,33.089097549079455
688.jpg,0.11129776796946986,78.0875748775186,26.534914831164897,26.21127131115564
689.jpg,0.03343970627572219,68.6551813898107,15.434304918685665,21.03909143026194
69.jpg,0.019963262155839427,29.1916757957074,17.924597861038876,11.789050045264492
690.jpg,0.07010227055515604,29.101146555565606,23.996157754121096,13.309377212699252
691.jpg,0.062326389502435,134.39603542995903,9.772934796655651,36.07340575140492
692.jpg,0.010545678654718987,67.05731801211009,16.439024339558607,20.87935842724453
693.jpg,0.026610740377270892,28.946234857911957,18.42921165478399,11.85716699836263
694.jpg,0.07966302296689148,63.97907750311879,23.10020735183819,21.809652725222687
695.jpg,0.030082747958723878,79.59527562280678,10.824928277471907,22.62009234904901
696.jpg,0.04483603537240607,40.1821761328929,17.101695398319723,14.343385900489361
697.jpg,0.13221623548824768,99.32465811514433,18.985674968660476,29.64369138869529
698.jpg,0.04528366801120929,40.15514317089444,17.154946639493645,14.350164286602618
699.jpg,0.037892885791919136,37.284376018287375,30.264239861101807,16.906100412743253
7.jpg,0.0127699355563833,57.44192051279274,30.151121922889843,21.904645576698826
70.jpg,0.04114539561947283,31.029144189960487,12.279921954377597,10.847839233894252
700.jpg,0.03864705527986539,49.152254852903056,17.631286644358855,16.7152089019554
701.jpg,0.044822761224531035,42.60323056637453,17.870726291936922,15.140900595190143
702.jpg,0.03249756271699491,58.50834372021838,11.111180796859125,17.421129910627883
703.jpg,0.038959930446368266,42.58246884762455,29.724329136665002,18.09617946129558
704.jpg,0.12191283070001997,38.527367930303726,24.86388082401601,15.908768603929946
705.jpg,0.0453863907181376,40.35183020605606,17.1488961535071,14.397874785249861
706.jpg,0.04717576843709603,76.506172292642,18.950089131168557,23.8876532401712
707.jpg,0.10497034195119895,90.08679353181091,16.443075063798226,26.6849523198779
708.jpg,0.16579465488913778,105.97890580032936,22.017838549598995,32.08208341492667
709.jpg,0.04774851055904195,104.55356436514431,10.871280087556732,28.880085368454782
71.jpg,0.024636789318019305,87.17715838708153,17.335278714261143,26.140427669994654
710.jpg,0.0449928918748135,50.1179975561459,16.355767430091756,16.64093769249682
711.jpg,0.06216522790923284,56.793030100892594,34.90493146069051,22.955573004350406
712.jpg,0.023482742564726433,111.76533519847757,14.43000390704435,31.56057614766284
713.jpg,0.04524049469361836,138.58097755958883,10.350810796290267,37.255567336316545
714.jpg,0.08158061290780995,29.28925028616069,18.06939885566744,11.880452591910938
715.jpg,0.09405142347513203,41.79437709162616,14.312529879228045,14.073752454451114
716.jpg,0.0214536704265861,48.5459788581221,19.214180698425153,16.950766724350107
717.jpg,0.09276849200253803,113.20175302255174,20.08898895979998,33.36906974158917
718.jpg,0.05814844023854267,84.28658204641773,17.6790414581389,25.520480096258442
719.jpg,0.10124009183542944,103.94115117069978,22.471987683889367,31.653904759565037
72.jpg,0.10097239627552243,36.584092326180944,12.072907527590559,12.214736161580637
720.jpg,0.020410174994250376,81.88411459850128,18.021123276065925,24.986514556138882
721.jpg,0.18112386931707167,105.34043357810727,12.662763731685912,29.59136126210683
722.jpg,0.06640988031142264,75.43956660151986,10.665202966181756,21.55939733208111
723.jpg,0.024630974550668438,106.07889422625529,9.986856816590445,29.028753247986774
724.jpg,0.113513319701132,88.22531205032942,13.849622301161116,25.57549024772318
725.jpg,0.02968643585676473,32.325493911806355,31.442469212558752,15.956833999019668
726.jpg,0.1215602232630432,64.81140625504777,20.554208169830265,21.40218371785105
727.jpg,0.13505140941404967,122.14684561514424,12.991149677797415,33.85202452794245
728.jpg,0.07781561385197469,94.68625533736652,22.043811138301734,29.22142442584304
729.jpg,0.03660050808078983,32.35418844231872,11.60751561937398,11.008726269463576
73.jpg,0.05484923885181587,58.19276771713193,21.2790561292406,19.89538058101905
730.jpg,0.1329759099443629,104.181180105885,24.163455501862206,32.15264685690898
731.jpg,0.058100528648671816,45.60473475232648,19.301475700193997,16.255602877454468
732.jpg,0.044044149763342935,89.39240117069991,14.800683994946644,26.070293366293285
733.jpg,0.08569401165594535,53.974163426798185,17.545883525483827,17.922858743898473
734.jpg,0.024411755593084703,97.54781783736637,11.497238951288658,27.27347007496032
735.jpg,0.056538304620654206,28.402217746517174,23.880845640766683,13.099034999131286
736.jpg,0.07348793211604487,28.411650286008346,22.68273241765361,12.810339641973506
737.jpg,0.012939555698937526,28.528136084268642,10.692729378268252,9.811686143483696
738.jpg,0.1027939275506284,28.69134892466429,18.80069288916122,11.924407417231704
739.jpg,0.11302179797881458,38.77900842426116,10.676758400728817,12.420452605236905
74.jpg,0.09824441464952609,36.04191346076168,19.334032112689798,13.893108600687636
740.jpg,0.00972330772968057,55.721860762081945,19.067731251521803,18.702259657265788
741.jpg,0.029833027635828006,33.83560289483135,10.72959548263991,11.156216108185728
742.jpg,0.049127341384145234,32.59641566389796,11.281725288630556,10.994098908824206
743.jpg,0.2023509964134516,36.715528670371455,17.246029525047714,13.591565047061525
744.jpg,0.00985473234255216,95.18660255958876,10.356002929449222,26.390578738430747
745.jpg,0.08260021697194468,50.11606301531054,9.870400114706653,15.037915890990279
746.jpg,0.06267466491043445,31.077226655238253,11.706434960099696,10.727252736289703
747.jpg,0.04027723653981244,125.1492067262553,9.774413284426844,33.75104362094045
748.jpg,0.2158859361683182,32.95818247069751,15.725038336230488,12.27874816981615
749.jpg,0.04652111735832601,98.24837339292192,18.65696729960886,29.249595731811898
75.jpg,0.07174168792608303,66.0317575697233,12.620616851470142,19.698964449261386
750.jpg,0.04780125408852352,50.890315553831144,11.63382833609986,15.654936599527
751.jpg,0.048406591217107046,52.24980809066778,11.717313804885324,16.015983769496827
752.jpg,0.04395726040214816,97.97357015218131,18.1280178730589,29.047375636511138
753.jpg,0.09805247820157578,50.50928285707187,28.273964452445686,19.74483806648017
754.jpg,0.08301932635699806,90.51994167995909,16.38889711135593,26.768719361007268
755.jpg,0.09100801562490758,28.442002788660563,9.933534328316997,9.639388287056843
756.jpg,0.04603895448508695,97.97786413366275,18.639740921916545,29.177420741137375
757.jpg,0.009645914460834388,56.022907251279456,18.838484203476348,18.720170820919364
758.jpg,0.10023482171995003,52.24415005633132,27.957061575579726,20.100420318837752
759.jpg,0.08220541449020366,53.6117959499463,12.967486607462776,16.685923346597374
76.jpg,0.02799323513171428,46.494231470332366,9.859899253100775,14.102529298424146
760.jpg,0.14492525454154473,31.54076080679432,9.778068808778572,10.402170031164001
761.jpg,0.011504662175585996,56.57113738245232,17.861907934241287,18.614013660261207
762.jpg,0.08827840400700407,41.201225417292356,13.33176773592621,13.677387490308142
763.jpg,0.02153892726912448,59.49666963087297,19.92576138747138,19.866377218220645
764.jpg,0.03495180139532789,82.17416562087769,11.520226929239055,23.441074038226855
765.jpg,0.056021317426746084,29.572387409368826,10.532158692957223,10.054147184294886
766.jpg,0.09925365176568322,51.61762877185241,22.99910587797675,18.703810488340125
767.jpg,0.044664777634020394,34.24325317301875,14.801071287767048,12.28341350401346
768.jpg,0.022847843367429625,36.33521673009297,15.738022982786578,13.029733849903597
769.jpg,0.07919339131158824,62.79350344913855,27.28594375676738,22.559458497132265
77.jpg,0.009636818614153919,46.45946803020073,15.012243012543365,15.37274616999309
770.jpg,0.04918186723683025,47.3740776409689,15.75098096470824,15.805855585037696
771.jpg,0.07620016488999888,44.29311506307521,20.929689119910652,16.343801128191465
772.jpg,0.03178255272880199,57.97279628091931,30.426945512280977,22.115826724664476
773.jpg,0.011475910354254817,45.271900068684474,44.1359055482903,22.35768935942083
774.jpg,0.02794694984711393,35.96439556917219,11.580618087208855,11.900226889018818
775.jpg,0.13299543372985806,44.28427087067626,18.846054282925767,15.849079005265432
776.jpg,0.086006706062495,113.45054353181096,20.14579909927449,33.44208901080261
777.jpg,0.016842076091709787,38.62505689337552,9.980837841204544,12.159894721690874
778.jpg,0.016842076091709787,158.5649185318108,35.0183058569147,48.404227135227295
779.jpg,0.0098813888282864,95.18656205032946,10.373166293050904,26.39487278025924
78.jpg,0.0635813695567906,29.019201931145506,16.47439408332499,11.40518968839602
780.jpg,0.09314959612209066,28.40202465238136,9.962969383916123,9.637823307135411
781.jpg,0.010401369281531892,95.29997061514426,10.383186684290298,26.425990009499394
782.jpg,0.010393649561630136,95.24604700403316,10.36902075446387,26.408963764405044
783.jpg,0.0481797992077417,46.66220225784562,15.503272006386172,15.565458465661816
784.jpg,0.210948266029398,41.656466815196964,9.768793446759208,12.961789198503737
785.jpg,0.01107407799702172,50.67253965684039,10.662499041147006,15.339296713495347
786.jpg,0.010944105380371721,95.23686876329252,10.397881163604016,26.41415953441429
787.jpg,0.05873890207499826,28.595289755629178,9.841477380397446,9.638561235044156
788.jpg,0.10557803811057762,39.906922684783325,9.779123326784312,12.474300521947212
789.jpg,0.12570696792167219,28.719228879313253,9.853681082614823,9.706080974442854
79.jpg,0.08703449055995251,45.21970147686353,15.268863670375968,15.165658532089848
790.jpg,0.014434907154951389,51.23847802489594,10.762406315417934,15.507438538655936
791.jpg,0.029585018182395634,33.85706598246449,31.26101052143825,16.29431163506689
792.jpg,0.17139029526644697,28.770720825686727,13.530493972443379,10.660998847165747
793.jpg,0.06366427780292172,41.75975932542244,29.49935122728092,17.84660977707729
794.jpg,0.01733778304178844,44.25793933775445,21.266998546350397,16.389903362547095
8.jpg,0.07154469516835174,53.68155762047103,10.042064370880887,15.966677845422147
80.jpg,0.19391736574420781,36.42150590642787,9.887315391585956,11.674164007375559
81.jpg,0.013119239238218129,39.592074509009095,9.828192117380002,12.361626276216391
82.jpg,0.04101816483255881,31.633326649301846,11.44832194637914,10.79092123133653
83.jpg,0.040244729549206035,36.6653475361122,17.665002526239903,13.60270988036263
84.jpg,0.053110295828544395,30.739748125019144,21.754359925084533,13.150082160440197
85.jpg,0.04884795247409199,41.73453976401382,10.709401978671957,13.13540941190849
86.jpg,0.19310248885087894,35.346733896203105,10.095069872357268,11.457002186565534
87.jpg,0.03660836245257675,32.13840518962885,13.574519223474848,11.4465352845022
88.jpg,0.03710024477082814,29.985702292409577,18.08597015969764,12.036468235412212
89.jpg,0.23153057220604292,35.74879516407955,16.22922320808356,13.110269879143802
9.jpg,0.06298357929170544,41.00144354036334,29.748183687847334,17.718898596698512
90.jpg,0.04116519905628672,41.5903756448669,17.955519994338506,14.907056509329486
91.jpg,0.1453033048793954,34.71696052175205,16.32492909904428,12.833124057638779
92.jpg,0.14256889736365594,34.214729108589744,16.192913741668786,12.673195161246456
93.jpg,0.028968173378927462,29.777592353898186,13.54212541487177,10.844413528881956
94.jpg,0.04388024323820137,28.91436853846748,18.238768836616284,11.810224465390043
95.jpg,0.045710418869887644,30.09696693414912,15.866017157297247,11.513601232296535
96.jpg,0.05442421173271936,31.224833239505863,15.683123428373271,11.75420127283614
97.jpg,0.14838695383952313,34.873760290270546,16.601993896780616,12.943132023682555
98.jpg,0.09504559603093886,49.449483778443145,23.757053839173576,18.349157202419658
99.jpg,0.020295004944951286,29.393651063198565,18.67538115543026,12.027405557129693
